{
  "id": "00000000-0000-0000-0000-000000000000",
  "revision": 0,
  "last_node_id": 35,
  "last_link_id": 34,
  "nodes": [
    {
      "id": 13,
      "type": "PreviewImage",
      "pos": [
        2690,
        130
      ],
      "size": [
        140,
        246
      ],
      "flags": {},
      "order": 11,
      "mode": 0,
      "inputs": [
        {
          "name": "images",
          "type": "IMAGE",
          "link": 19
        }
      ],
      "outputs": [],
      "properties": {
        "cnr_id": "comfy-core",
        "ver": "0.3.59",
        "Node name for S&R": "PreviewImage"
      },
      "widgets_values": []
    },
    {
      "id": 25,
      "type": "CheckpointLoaderSimple",
      "pos": [
        100,
        444
      ],
      "size": [
        270,
        98
      ],
      "flags": {},
      "order": 0,
      "mode": 0,
      "inputs": [],
      "outputs": [
        {
          "name": "MODEL",
          "type": "MODEL",
          "links": [
            21
          ]
        },
        {
          "name": "CLIP",
          "type": "CLIP",
          "links": [
            22
          ]
        },
        {
          "name": "VAE",
          "type": "VAE",
          "links": [
            24
          ]
        }
      ],
      "properties": {
        "cnr_id": "comfy-core",
        "ver": "0.3.59",
        "Node name for S&R": "CheckpointLoaderSimple"
      },
      "widgets_values": [
        "cardosAnime_v20.safetensors"
      ]
    },
    {
      "id": 26,
      "type": "LoraLoader",
      "pos": [
        470,
        130
      ],
      "size": [
        270,
        126
      ],
      "flags": {},
      "order": 3,
      "mode": 0,
      "inputs": [
        {
          "name": "model",
          "type": "MODEL",
          "link": 21
        },
        {
          "name": "clip",
          "type": "CLIP",
          "link": 22
        }
      ],
      "outputs": [
        {
          "name": "MODEL",
          "type": "MODEL",
          "links": [
            31
          ]
        },
        {
          "name": "CLIP",
          "type": "CLIP",
          "links": [
            32
          ]
        }
      ],
      "properties": {
        "cnr_id": "comfy-core",
        "ver": "0.3.59",
        "Node name for S&R": "LoraLoader"
      },
      "widgets_values": [
        "LCM_LoRA_SD15.safetensors",
        1,
        1
      ]
    },
    {
      "id": 27,
      "type": "VAEEncode",
      "pos": [
        470,
        386
      ],
      "size": [
        140,
        46
      ],
      "flags": {},
      "order": 4,
      "mode": 0,
      "inputs": [
        {
          "name": "pixels",
          "type": "IMAGE",
          "link": 23
        },
        {
          "name": "vae",
          "type": "VAE",
          "link": 24
        }
      ],
      "outputs": [
        {
          "name": "LATENT",
          "type": "LATENT",
          "links": [
            30
          ]
        }
      ],
      "properties": {
        "cnr_id": "comfy-core",
        "ver": "0.3.59",
        "Node name for S&R": "VAEEncode"
      },
      "widgets_values": []
    },
    {
      "id": 29,
      "type": "CLIPTextEncode",
      "pos": [
        1210,
        130
      ],
      "size": [
        400,
        200
      ],
      "flags": {},
      "order": 6,
      "mode": 0,
      "inputs": [
        {
          "name": "clip",
          "type": "CLIP",
          "link": 25
        }
      ],
      "outputs": [
        {
          "name": "CONDITIONING",
          "type": "CONDITIONING",
          "links": [
            28
          ]
        }
      ],
      "properties": {
        "cnr_id": "comfy-core",
        "ver": "0.3.59",
        "Node name for S&R": "CLIPTextEncode"
      },
      "widgets_values": [
        "happy alien"
      ]
    },
    {
      "id": 30,
      "type": "CLIPTextEncode",
      "pos": [
        1210,
        460
      ],
      "size": [
        400,
        200
      ],
      "flags": {},
      "order": 7,
      "mode": 0,
      "inputs": [
        {
          "name": "clip",
          "type": "CLIP",
          "link": 26
        }
      ],
      "outputs": [
        {
          "name": "CONDITIONING",
          "type": "CONDITIONING",
          "links": [
            29
          ]
        }
      ],
      "properties": {
        "cnr_id": "comfy-core",
        "ver": "0.3.59",
        "Node name for S&R": "CLIPTextEncode"
      },
      "widgets_values": [
        "text, watermark"
      ]
    },
    {
      "id": 32,
      "type": "VAELoader",
      "pos": [
        100,
        672
      ],
      "size": [
        270,
        58
      ],
      "flags": {},
      "order": 1,
      "mode": 0,
      "inputs": [],
      "outputs": [
        {
          "name": "VAE",
          "type": "VAE",
          "links": [
            18
          ]
        }
      ],
      "properties": {
        "cnr_id": "comfy-core",
        "ver": "0.3.59",
        "Node name for S&R": "VAELoader"
      },
      "widgets_values": [
        "vae-ft-mse-840000-ema-pruned.safetensors"
      ]
    },
    {
      "id": 33,
      "type": "LoraLoader",
      "pos": [
        840,
        130
      ],
      "size": [
        270,
        126
      ],
      "flags": {},
      "order": 5,
      "mode": 0,
      "inputs": [
        {
          "name": "model",
          "type": "MODEL",
          "link": 31
        },
        {
          "name": "clip",
          "type": "CLIP",
          "link": 32
        }
      ],
      "outputs": [
        {
          "name": "MODEL",
          "type": "MODEL",
          "links": [
            27
          ]
        },
        {
          "name": "CLIP",
          "type": "CLIP",
          "links": [
            25,
            26
          ]
        }
      ],
      "properties": {
        "cnr_id": "comfy-core",
        "ver": "0.3.59",
        "Node name for S&R": "LoraLoader"
      },
      "widgets_values": [
        "ip-adapter-faceid-plus_sd15_lora.safetensors",
        1,
        1
      ]
    },
    {
      "id": 10,
      "type": "WebcamCapture",
      "pos": [
        95.202880859375,
        130
      ],
      "size": [
        270,
        392
      ],
      "flags": {},
      "order": 2,
      "mode": 0,
      "inputs": [],
      "outputs": [
        {
          "name": "IMAGE",
          "type": "IMAGE",
          "links": [
            23
          ]
        }
      ],
      "properties": {
        "cnr_id": "comfy-core",
        "ver": "0.3.59",
        "Node name for S&R": "WebcamCapture"
      },
      "widgets_values": [
        "",
        480,
        360,
        true,
        "capture"
      ]
    },
    {
      "id": 18,
      "type": "VirtualCamNode",
      "pos": [
        2365.42333984375,
        125.53205871582031
      ],
      "size": [
        270,
        106
      ],
      "flags": {},
      "order": 10,
      "mode": 0,
      "inputs": [
        {
          "name": "image",
          "type": "IMAGE",
          "link": 20
        }
      ],
      "outputs": [
        {
          "name": "IMAGE",
          "type": "IMAGE",
          "links": [
            19
          ]
        }
      ],
      "properties": {
        "aux_id": "Sean-Bradley/ComfyUI-Virtual-Webcam",
        "ver": "c7d05a91b8bc7695de2c0780066dd014cda5291d",
        "Node name for S&R": "VirtualCamNode"
      },
      "widgets_values": [
        30,
        true,
        false
      ]
    },
    {
      "id": 8,
      "type": "VAEDecode",
      "pos": [
        2136.59326171875,
        119.57481384277344
      ],
      "size": [
        140,
        46
      ],
      "flags": {},
      "order": 9,
      "mode": 0,
      "inputs": [
        {
          "name": "samples",
          "type": "LATENT",
          "link": 17
        },
        {
          "name": "vae",
          "type": "VAE",
          "link": 18
        }
      ],
      "outputs": [
        {
          "name": "IMAGE",
          "type": "IMAGE",
          "links": [
            20
          ]
        }
      ],
      "properties": {
        "cnr_id": "comfy-core",
        "ver": "0.3.59",
        "Node name for S&R": "VAEDecode"
      },
      "widgets_values": []
    },
    {
      "id": 31,
      "type": "KSampler",
      "pos": [
        1710,
        130
      ],
      "size": [
        270,
        474
      ],
      "flags": {},
      "order": 8,
      "mode": 0,
      "inputs": [
        {
          "name": "model",
          "type": "MODEL",
          "link": 27
        },
        {
          "name": "positive",
          "type": "CONDITIONING",
          "link": 28
        },
        {
          "name": "negative",
          "type": "CONDITIONING",
          "link": 29
        },
        {
          "name": "latent_image",
          "type": "LATENT",
          "link": 30
        }
      ],
      "outputs": [
        {
          "name": "LATENT",
          "type": "LATENT",
          "links": [
            17
          ]
        }
      ],
      "properties": {
        "cnr_id": "comfy-core",
        "ver": "0.3.59",
        "Node name for S&R": "KSampler"
      },
      "widgets_values": [
        734440999461118,
        "randomize",
        1,
        1,
        "lcm",
        "sgm_uniform",
        0.5
      ]
    }
  ],
  "links": [
    [
      17,
      31,
      0,
      8,
      0,
      "LATENT"
    ],
    [
      18,
      32,
      0,
      8,
      1,
      "VAE"
    ],
    [
      19,
      18,
      0,
      13,
      0,
      "IMAGE"
    ],
    [
      20,
      8,
      0,
      18,
      0,
      "IMAGE"
    ],
    [
      21,
      25,
      0,
      26,
      0,
      "MODEL"
    ],
    [
      22,
      25,
      1,
      26,
      1,
      "CLIP"
    ],
    [
      23,
      10,
      0,
      27,
      0,
      "IMAGE"
    ],
    [
      24,
      25,
      2,
      27,
      1,
      "VAE"
    ],
    [
      25,
      33,
      1,
      29,
      0,
      "CLIP"
    ],
    [
      26,
      33,
      1,
      30,
      0,
      "CLIP"
    ],
    [
      27,
      33,
      0,
      31,
      0,
      "MODEL"
    ],
    [
      28,
      29,
      0,
      31,
      1,
      "CONDITIONING"
    ],
    [
      29,
      30,
      0,
      31,
      2,
      "CONDITIONING"
    ],
    [
      30,
      27,
      0,
      31,
      3,
      "LATENT"
    ],
    [
      31,
      26,
      0,
      33,
      0,
      "MODEL"
    ],
    [
      32,
      26,
      1,
      33,
      1,
      "CLIP"
    ]
  ],
  "groups": [],
  "config": {},
  "extra": {
    "ds": {
      "scale": 0.6670694864048369,
      "offset": [
        -28.023339684103377,
        -70.5947527767577
      ]
    },
    "frontendVersion": "1.25.11",
    "VHS_latentpreview": false,
    "VHS_latentpreviewrate": 0,
    "VHS_MetadataImage": true,
    "VHS_KeepIntermediate": true
  },
  "version": 0.4
}